<?xml version="1.0" encoding="UTF-8"?>
<GenRun Id="impl_1" LaunchPart="xc7vx485tffg1157-1" LaunchTime="1714848674">
  <File Type="BITSTR-BMM" Name="ARCHITECTURE_bd.bmm"/>
  <File Type="ROUTE-PWR" Name="ARCHITECTURE_power_routed.rpt"/>
  <File Type="PA-TCL" Name="ARCHITECTURE.tcl"/>
  <File Type="OPT-DCP" Name="ARCHITECTURE_opt.dcp"/>
  <File Type="ROUTE-PWR-SUM" Name="ARCHITECTURE_power_summary_routed.pb"/>
  <File Type="REPORTS-TCL" Name="ARCHITECTURE_reports.tcl"/>
  <File Type="OPT-DRC" Name="ARCHITECTURE_drc_opted.rpt"/>
  <File Type="OPT-HWDEF" Name="ARCHITECTURE.hwdef"/>
  <File Type="PWROPT-DCP" Name="ARCHITECTURE_pwropt.dcp"/>
  <File Type="PLACE-DCP" Name="ARCHITECTURE_placed.dcp"/>
  <File Type="PLACE-IO" Name="ARCHITECTURE_io_placed.rpt"/>
  <File Type="PLACE-UTIL" Name="ARCHITECTURE_utilization_placed.rpt"/>
  <File Type="PLACE-UTIL-PB" Name="ARCHITECTURE_utilization_placed.pb"/>
  <File Type="PLACE-CTRL" Name="ARCHITECTURE_control_sets_placed.rpt"/>
  <File Type="PLACE-PRE-SIMILARITY" Name="ARCHITECTURE_incremental_reuse_pre_placed.rpt"/>
  <File Type="BG-BGN" Name="ARCHITECTURE.bgn"/>
  <File Type="POSTPLACE-PWROPT-DCP" Name="ARCHITECTURE_postplace_pwropt.dcp"/>
  <File Type="BG-BIN" Name="ARCHITECTURE.bin"/>
  <File Type="PHYSOPT-DCP" Name="ARCHITECTURE_physopt.dcp"/>
  <File Type="BITSTR-MSK" Name="ARCHITECTURE.msk"/>
  <File Type="ROUTE-ERROR-DCP" Name="ARCHITECTURE_routed_error.dcp"/>
  <File Type="ROUTE-DCP" Name="ARCHITECTURE_routed.dcp"/>
  <File Type="ROUTE-BLACKBOX-DCP" Name="ARCHITECTURE_routed_bb.dcp"/>
  <File Type="ROUTE-DRC" Name="ARCHITECTURE_drc_routed.rpt"/>
  <File Type="ROUTE-DRC-PB" Name="ARCHITECTURE_drc_routed.pb"/>
  <File Type="BITSTR-LTX" Name="ARCHITECTURE.ltx"/>
  <File Type="ROUTE-DRC-RPX" Name="ARCHITECTURE_drc_routed.rpx"/>
  <File Type="BITSTR-MMI" Name="ARCHITECTURE.mmi"/>
  <File Type="ROUTE-METHODOLOGY-DRC" Name="ARCHITECTURE_methodology_drc_routed.rpt"/>
  <File Type="ROUTE-METHODOLOGY-DRC-RPX" Name="ARCHITECTURE_methodology_drc_routed.rpx"/>
  <File Type="BITSTR-SYSDEF" Name="ARCHITECTURE.sysdef"/>
  <File Type="ROUTE-METHODOLOGY-DRC-PB" Name="ARCHITECTURE_methodology_drc_routed.pb"/>
  <File Type="ROUTE-PWR-RPX" Name="ARCHITECTURE_power_routed.rpx"/>
  <File Type="ROUTE-STATUS" Name="ARCHITECTURE_route_status.rpt"/>
  <File Type="ROUTE-STATUS-PB" Name="ARCHITECTURE_route_status.pb"/>
  <File Type="ROUTE-TIMINGSUMMARY" Name="ARCHITECTURE_timing_summary_routed.rpt"/>
  <File Type="ROUTE-TIMING-PB" Name="ARCHITECTURE_timing_summary_routed.pb"/>
  <File Type="ROUTE-TIMING-RPX" Name="ARCHITECTURE_timing_summary_routed.rpx"/>
  <File Type="RDI-RDI" Name="ARCHITECTURE.vdi"/>
  <File Type="ROUTE-CLK" Name="ARCHITECTURE_clock_utilization_routed.rpt"/>
  <File Type="ROUTE-BUS-SKEW" Name="ARCHITECTURE_bus_skew_routed.rpt"/>
  <File Type="ROUTE-BUS-SKEW-PB" Name="ARCHITECTURE_bus_skew_routed.pb"/>
  <File Type="ROUTE-BUS-SKEW-RPX" Name="ARCHITECTURE_bus_skew_routed.rpx"/>
  <File Type="POSTROUTE-PHYSOPT-DCP" Name="ARCHITECTURE_postroute_physopt.dcp"/>
  <File Type="POSTROUTE-PHYSOPT-BLACKBOX-DCP" Name="ARCHITECTURE_postroute_physopt_bb.dcp"/>
  <File Type="BG-BIT" Name="ARCHITECTURE.bit"/>
  <File Type="BITSTR-RBT" Name="ARCHITECTURE.rbt"/>
  <File Type="BITSTR-NKY" Name="ARCHITECTURE.nky"/>
  <File Type="BG-DRC" Name="ARCHITECTURE.drc"/>
  <File Type="WBT-USG" Name="usage_statistics_webtalk.html"/>
  <FileSet Name="sources" Type="DesignSrcs" RelSrcDir="$PSRCDIR/sources_1">
    <Filter Type="Srcs"/>
    <File Path="$PSRCDIR/sources_1/new/AC_DESIGN.v">
      <FileInfo>
        <Attr Name="ImportPath" Val="C:/Xilinx/semi_final/my_mano/my_mano.srcs/sources_1/new/AC_DESIGN.v"/>
        <Attr Name="ImportTime" Val="1714601282"/>
        <Attr Name="UsedIn" Val="synthesis"/>
        <Attr Name="UsedIn" Val="implementation"/>
        <Attr Name="UsedIn" Val="simulation"/>
      </FileInfo>
    </File>
    <File Path="$PSRCDIR/sources_1/new/ALU.v">
      <FileInfo>
        <Attr Name="ImportPath" Val="C:/Xilinx/semi_final/my_mano/my_mano.srcs/sources_1/new/ALU.v"/>
        <Attr Name="ImportTime" Val="1715029719"/>
        <Attr Name="UsedIn" Val="synthesis"/>
        <Attr Name="UsedIn" Val="implementation"/>
        <Attr Name="UsedIn" Val="simulation"/>
      </FileInfo>
    </File>
    <File Path="$PSRCDIR/sources_1/new/AR_DESIGN.v">
      <FileInfo>
        <Attr Name="ImportPath" Val="C:/Xilinx/semi_final/my_mano/my_mano.srcs/sources_1/new/AR_DESIGN.v"/>
        <Attr Name="ImportTime" Val="1715029719"/>
        <Attr Name="UsedIn" Val="synthesis"/>
        <Attr Name="UsedIn" Val="implementation"/>
        <Attr Name="UsedIn" Val="simulation"/>
      </FileInfo>
    </File>
    <File Path="$PSRCDIR/sources_1/new/BIT_COUNTER.v">
      <FileInfo>
        <Attr Name="ImportPath" Val="C:/Xilinx/semi_final/my_mano/my_mano.srcs/sources_1/new/BIT_COUNTER.v"/>
        <Attr Name="ImportTime" Val="1714860810"/>
        <Attr Name="UsedIn" Val="synthesis"/>
        <Attr Name="UsedIn" Val="implementation"/>
        <Attr Name="UsedIn" Val="simulation"/>
      </FileInfo>
    </File>
    <File Path="$PSRCDIR/sources_1/new/BUS_DESIGN.v">
      <FileInfo>
        <Attr Name="ImportPath" Val="C:/Xilinx/semi_final/my_mano/my_mano.srcs/sources_1/new/BUS_DESIGN.v"/>
        <Attr Name="ImportTime" Val="1714962136"/>
        <Attr Name="UsedIn" Val="synthesis"/>
        <Attr Name="UsedIn" Val="implementation"/>
        <Attr Name="UsedIn" Val="simulation"/>
      </FileInfo>
    </File>
    <File Path="$PSRCDIR/sources_1/new/BUS_SELECTION.v">
      <FileInfo>
        <Attr Name="ImportPath" Val="C:/Xilinx/semi_final/my_mano/my_mano.srcs/sources_1/new/BUS_SELECTION.v"/>
        <Attr Name="ImportTime" Val="1715021367"/>
        <Attr Name="UsedIn" Val="synthesis"/>
        <Attr Name="UsedIn" Val="implementation"/>
        <Attr Name="UsedIn" Val="simulation"/>
      </FileInfo>
    </File>
    <File Path="$PSRCDIR/sources_1/new/CONTROLER.v">
      <FileInfo>
        <Attr Name="ImportPath" Val="C:/Xilinx/semi_final/my_mano/my_mano.srcs/sources_1/new/CONTROLER.v"/>
        <Attr Name="ImportTime" Val="1715029719"/>
        <Attr Name="UsedIn" Val="synthesis"/>
        <Attr Name="UsedIn" Val="implementation"/>
        <Attr Name="UsedIn" Val="simulation"/>
      </FileInfo>
    </File>
    <File Path="$PSRCDIR/sources_1/new/DECODER.v">
      <FileInfo>
        <Attr Name="ImportPath" Val="C:/Xilinx/semi_final/my_mano/my_mano.srcs/sources_1/new/DECODER.v"/>
        <Attr Name="ImportTime" Val="1715029719"/>
        <Attr Name="UsedIn" Val="synthesis"/>
        <Attr Name="UsedIn" Val="implementation"/>
        <Attr Name="UsedIn" Val="simulation"/>
      </FileInfo>
    </File>
    <File Path="$PSRCDIR/sources_1/new/DECODER3_8.v">
      <FileInfo>
        <Attr Name="ImportPath" Val="C:/Xilinx/semi_final/my_mano/my_mano.srcs/sources_1/new/DECODER3_8.v"/>
        <Attr Name="ImportTime" Val="1715029719"/>
        <Attr Name="UsedIn" Val="synthesis"/>
        <Attr Name="UsedIn" Val="implementation"/>
        <Attr Name="UsedIn" Val="simulation"/>
      </FileInfo>
    </File>
    <File Path="$PSRCDIR/sources_1/new/DR_DESIGN.v">
      <FileInfo>
        <Attr Name="ImportPath" Val="C:/Xilinx/semi_final/my_mano/my_mano.srcs/sources_1/new/DR_DESIGN.v"/>
        <Attr Name="ImportTime" Val="1714738280"/>
        <Attr Name="UsedIn" Val="synthesis"/>
        <Attr Name="UsedIn" Val="implementation"/>
        <Attr Name="UsedIn" Val="simulation"/>
      </FileInfo>
    </File>
    <File Path="$PSRCDIR/sources_1/new/ENCODER8_3.v">
      <FileInfo>
        <Attr Name="ImportPath" Val="C:/Xilinx/semi_final/my_mano/my_mano.srcs/sources_1/new/ENCODER8_3.v"/>
        <Attr Name="ImportTime" Val="1715029719"/>
        <Attr Name="UsedIn" Val="synthesis"/>
        <Attr Name="UsedIn" Val="implementation"/>
        <Attr Name="UsedIn" Val="simulation"/>
      </FileInfo>
    </File>
    <File Path="$PSRCDIR/sources_1/new/INSTRUCTION_REGISTER.v">
      <FileInfo>
        <Attr Name="ImportPath" Val="C:/Xilinx/semi_final/my_mano/my_mano.srcs/sources_1/new/INSTRUCTION_REGISTER.v"/>
        <Attr Name="ImportTime" Val="1714742524"/>
        <Attr Name="UsedIn" Val="synthesis"/>
        <Attr Name="UsedIn" Val="implementation"/>
        <Attr Name="UsedIn" Val="simulation"/>
      </FileInfo>
    </File>
    <File Path="$PSRCDIR/sources_1/new/IR-DESIGN.v">
      <FileInfo>
        <Attr Name="ImportPath" Val="C:/Xilinx/semi_final/my_mano/my_mano.srcs/sources_1/new/IR-DESIGN.v"/>
        <Attr Name="ImportTime" Val="1714738456"/>
        <Attr Name="UsedIn" Val="synthesis"/>
        <Attr Name="UsedIn" Val="implementation"/>
        <Attr Name="UsedIn" Val="simulation"/>
      </FileInfo>
    </File>
    <File Path="$PSRCDIR/sources_1/new/MEMORY_DESIGN.v">
      <FileInfo>
        <Attr Name="ImportPath" Val="C:/Xilinx/semi_final/my_mano/my_mano.srcs/sources_1/new/MEMORY_DESIGN.v"/>
        <Attr Name="ImportTime" Val="1715029719"/>
        <Attr Name="UsedIn" Val="synthesis"/>
        <Attr Name="UsedIn" Val="implementation"/>
        <Attr Name="UsedIn" Val="simulation"/>
      </FileInfo>
    </File>
    <File Path="$PSRCDIR/sources_1/new/PC_DESIGN.v">
      <FileInfo>
        <Attr Name="ImportPath" Val="C:/Xilinx/semi_final/my_mano/my_mano.srcs/sources_1/new/PC_DESIGN.v"/>
        <Attr Name="ImportTime" Val="1715021416"/>
        <Attr Name="UsedIn" Val="synthesis"/>
        <Attr Name="UsedIn" Val="implementation"/>
        <Attr Name="UsedIn" Val="simulation"/>
      </FileInfo>
    </File>
    <File Path="$PSRCDIR/sources_1/new/PROGRAM_COUNTER.v">
      <FileInfo>
        <Attr Name="ImportPath" Val="C:/Xilinx/semi_final/my_mano/my_mano.srcs/sources_1/new/PROGRAM_COUNTER.v"/>
        <Attr Name="ImportTime" Val="1715029719"/>
        <Attr Name="UsedIn" Val="synthesis"/>
        <Attr Name="UsedIn" Val="implementation"/>
        <Attr Name="UsedIn" Val="simulation"/>
      </FileInfo>
    </File>
    <File Path="$PSRCDIR/sources_1/new/SC_DESIGN.v">
      <FileInfo>
        <Attr Name="ImportPath" Val="C:/Xilinx/semi_final/my_mano/my_mano.srcs/sources_1/new/SC_DESIGN.v"/>
        <Attr Name="ImportTime" Val="1715029719"/>
        <Attr Name="UsedIn" Val="synthesis"/>
        <Attr Name="UsedIn" Val="implementation"/>
        <Attr Name="UsedIn" Val="simulation"/>
      </FileInfo>
    </File>
    <File Path="$PSRCDIR/sources_1/new/SequenceCounter.v">
      <FileInfo>
        <Attr Name="ImportPath" Val="C:/Xilinx/semi_final/my_mano/my_mano.srcs/sources_1/new/SequenceCounter.v"/>
        <Attr Name="ImportTime" Val="1714935868"/>
        <Attr Name="UsedIn" Val="synthesis"/>
        <Attr Name="UsedIn" Val="implementation"/>
        <Attr Name="UsedIn" Val="simulation"/>
      </FileInfo>
    </File>
    <File Path="C:/Xilinx/semi_final/my_mano/my_mano.srcs/sources_1/new/T_COUNTER.v">
      <FileInfo>
        <Attr Name="UsedIn" Val="synthesis"/>
        <Attr Name="UsedIn" Val="implementation"/>
        <Attr Name="UsedIn" Val="simulation"/>
      </FileInfo>
    </File>
    <File Path="$PSRCDIR/sources_1/new/memory.v">
      <FileInfo>
        <Attr Name="ImportPath" Val="C:/Xilinx/semi_final/my_mano/my_mano.srcs/sources_1/new/memory.v"/>
        <Attr Name="ImportTime" Val="1715029719"/>
        <Attr Name="UsedIn" Val="synthesis"/>
        <Attr Name="UsedIn" Val="implementation"/>
        <Attr Name="UsedIn" Val="simulation"/>
      </FileInfo>
    </File>
    <File Path="$PSRCDIR/sources_1/new/ARCHITECTURE.v">
      <FileInfo>
        <Attr Name="ImportPath" Val="C:/Xilinx/semi_final/my_mano/my_mano.srcs/sources_1/new/ARCHITECTURE.v"/>
        <Attr Name="ImportTime" Val="1715029719"/>
        <Attr Name="UsedIn" Val="synthesis"/>
        <Attr Name="UsedIn" Val="implementation"/>
        <Attr Name="UsedIn" Val="simulation"/>
      </FileInfo>
    </File>
    <File Path="$PSRCDIR/sources_1/new/ADRESS_REGISTER.v">
      <FileInfo>
        <Attr Name="AutoDisabled" Val="1"/>
        <Attr Name="ImportPath" Val="C:/Xilinx/semi_final/my_mano/my_mano.srcs/sources_1/new/ADRESS_REGISTER.v"/>
        <Attr Name="ImportTime" Val="1714742344"/>
        <Attr Name="UsedIn" Val="synthesis"/>
        <Attr Name="UsedIn" Val="implementation"/>
        <Attr Name="UsedIn" Val="simulation"/>
      </FileInfo>
    </File>
    <File Path="$PSRCDIR/sources_1/new/ACCUMULATOR.v">
      <FileInfo>
        <Attr Name="AutoDisabled" Val="1"/>
        <Attr Name="ImportPath" Val="C:/Xilinx/semi_final/my_mano/my_mano.srcs/sources_1/new/ACCUMULATOR.v"/>
        <Attr Name="ImportTime" Val="1714742486"/>
        <Attr Name="UsedIn" Val="synthesis"/>
        <Attr Name="UsedIn" Val="implementation"/>
        <Attr Name="UsedIn" Val="simulation"/>
      </FileInfo>
    </File>
    <File Path="$PSRCDIR/sources_1/new/DFF.v">
      <FileInfo>
        <Attr Name="AutoDisabled" Val="1"/>
        <Attr Name="ImportPath" Val="C:/Xilinx/semi_final/my_mano/my_mano.srcs/sources_1/new/DFF.v"/>
        <Attr Name="ImportTime" Val="1714612078"/>
        <Attr Name="UsedIn" Val="synthesis"/>
        <Attr Name="UsedIn" Val="implementation"/>
        <Attr Name="UsedIn" Val="simulation"/>
      </FileInfo>
    </File>
    <Config>
      <Option Name="DesignMode" Val="RTL"/>
      <Option Name="TopModule" Val="ARCHITECTURE"/>
    </Config>
  </FileSet>
  <FileSet Name="constrs_in" Type="Constrs" RelSrcDir="$PSRCDIR/constrs_1">
    <Filter Type="Constrs"/>
    <Config>
      <Option Name="ConstrsType" Val="XDC"/>
    </Config>
  </FileSet>
  <Strategy Version="1" Minor="2">
    <StratHandle Name="Vivado Implementation Defaults" Flow="Vivado Implementation 2018"/>
    <Step Id="init_design"/>
    <Step Id="opt_design"/>
    <Step Id="power_opt_design"/>
    <Step Id="place_design"/>
    <Step Id="post_place_power_opt_design"/>
    <Step Id="phys_opt_design"/>
    <Step Id="route_design"/>
    <Step Id="post_route_phys_opt_design"/>
    <Step Id="write_bitstream"/>
  </Strategy>
</GenRun>
