<?xml version="1.0" encoding="UTF-8"?>
<GenRun Id="synth_1" LaunchPart="xc7vx485tffg1157-1" LaunchTime="1714848581">
  <File Type="PA-TCL" Name="ARCHITECTURE.tcl"/>
  <File Type="REPORTS-TCL" Name="ARCHITECTURE_reports.tcl"/>
  <File Type="RDS-RDS" Name="ARCHITECTURE.vds"/>
  <File Type="RDS-UTIL" Name="ARCHITECTURE_utilization_synth.rpt"/>
  <File Type="RDS-UTIL-PB" Name="ARCHITECTURE_utilization_synth.pb"/>
  <File Type="RDS-DCP" Name="ARCHITECTURE.dcp"/>
  <FileSet Name="sources" Type="DesignSrcs" RelSrcDir="$PSRCDIR/sources_1">
    <Filter Type="Srcs"/>
    <File Path="$PSRCDIR/sources_1/new/AC_DESIGN.v">
      <FileInfo>
        <Attr Name="ImportPath" Val="C:/Xilinx/semi_final/my_mano/my_mano.srcs/sources_1/new/AC_DESIGN.v"/>
        <Attr Name="ImportTime" Val="1714601282"/>
        <Attr Name="UsedIn" Val="synthesis"/>
        <Attr Name="UsedIn" Val="implementation"/>
        <Attr Name="UsedIn" Val="simulation"/>
      </FileInfo>
    </File>
    <File Path="$PSRCDIR/sources_1/new/ALU.v">
      <FileInfo>
        <Attr Name="ImportPath" Val="C:/Xilinx/semi_final/my_mano/my_mano.srcs/sources_1/new/ALU.v"/>
        <Attr Name="ImportTime" Val="1715029719"/>
        <Attr Name="UsedIn" Val="synthesis"/>
        <Attr Name="UsedIn" Val="implementation"/>
        <Attr Name="UsedIn" Val="simulation"/>
      </FileInfo>
    </File>
    <File Path="$PSRCDIR/sources_1/new/AR_DESIGN.v">
      <FileInfo>
        <Attr Name="ImportPath" Val="C:/Xilinx/semi_final/my_mano/my_mano.srcs/sources_1/new/AR_DESIGN.v"/>
        <Attr Name="ImportTime" Val="1715029719"/>
        <Attr Name="UsedIn" Val="synthesis"/>
        <Attr Name="UsedIn" Val="implementation"/>
        <Attr Name="UsedIn" Val="simulation"/>
      </FileInfo>
    </File>
    <File Path="$PSRCDIR/sources_1/new/BIT_COUNTER.v">
      <FileInfo>
        <Attr Name="ImportPath" Val="C:/Xilinx/semi_final/my_mano/my_mano.srcs/sources_1/new/BIT_COUNTER.v"/>
        <Attr Name="ImportTime" Val="1714860810"/>
        <Attr Name="UsedIn" Val="synthesis"/>
        <Attr Name="UsedIn" Val="implementation"/>
        <Attr Name="UsedIn" Val="simulation"/>
      </FileInfo>
    </File>
    <File Path="$PSRCDIR/sources_1/new/BUS_DESIGN.v">
      <FileInfo>
        <Attr Name="ImportPath" Val="C:/Xilinx/semi_final/my_mano/my_mano.srcs/sources_1/new/BUS_DESIGN.v"/>
        <Attr Name="ImportTime" Val="1714962136"/>
        <Attr Name="UsedIn" Val="synthesis"/>
        <Attr Name="UsedIn" Val="implementation"/>
        <Attr Name="UsedIn" Val="simulation"/>
      </FileInfo>
    </File>
    <File Path="$PSRCDIR/sources_1/new/BUS_SELECTION.v">
      <FileInfo>
        <Attr Name="ImportPath" Val="C:/Xilinx/semi_final/my_mano/my_mano.srcs/sources_1/new/BUS_SELECTION.v"/>
        <Attr Name="ImportTime" Val="1715021367"/>
        <Attr Name="UsedIn" Val="synthesis"/>
        <Attr Name="UsedIn" Val="implementation"/>
        <Attr Name="UsedIn" Val="simulation"/>
      </FileInfo>
    </File>
    <File Path="$PSRCDIR/sources_1/new/CONTROLER.v">
      <FileInfo>
        <Attr Name="ImportPath" Val="C:/Xilinx/semi_final/my_mano/my_mano.srcs/sources_1/new/CONTROLER.v"/>
        <Attr Name="ImportTime" Val="1715029719"/>
        <Attr Name="UsedIn" Val="synthesis"/>
        <Attr Name="UsedIn" Val="implementation"/>
        <Attr Name="UsedIn" Val="simulation"/>
      </FileInfo>
    </File>
    <File Path="$PSRCDIR/sources_1/new/DECODER.v">
      <FileInfo>
        <Attr Name="ImportPath" Val="C:/Xilinx/semi_final/my_mano/my_mano.srcs/sources_1/new/DECODER.v"/>
        <Attr Name="ImportTime" Val="1715029719"/>
        <Attr Name="UsedIn" Val="synthesis"/>
        <Attr Name="UsedIn" Val="implementation"/>
        <Attr Name="UsedIn" Val="simulation"/>
      </FileInfo>
    </File>
    <File Path="$PSRCDIR/sources_1/new/DECODER3_8.v">
      <FileInfo>
        <Attr Name="ImportPath" Val="C:/Xilinx/semi_final/my_mano/my_mano.srcs/sources_1/new/DECODER3_8.v"/>
        <Attr Name="ImportTime" Val="1715029719"/>
        <Attr Name="UsedIn" Val="synthesis"/>
        <Attr Name="UsedIn" Val="implementation"/>
        <Attr Name="UsedIn" Val="simulation"/>
      </FileInfo>
    </File>
    <File Path="$PSRCDIR/sources_1/new/DR_DESIGN.v">
      <FileInfo>
        <Attr Name="ImportPath" Val="C:/Xilinx/semi_final/my_mano/my_mano.srcs/sources_1/new/DR_DESIGN.v"/>
        <Attr Name="ImportTime" Val="1714738280"/>
        <Attr Name="UsedIn" Val="synthesis"/>
        <Attr Name="UsedIn" Val="implementation"/>
        <Attr Name="UsedIn" Val="simulation"/>
      </FileInfo>
    </File>
    <File Path="$PSRCDIR/sources_1/new/ENCODER8_3.v">
      <FileInfo>
        <Attr Name="ImportPath" Val="C:/Xilinx/semi_final/my_mano/my_mano.srcs/sources_1/new/ENCODER8_3.v"/>
        <Attr Name="ImportTime" Val="1715029719"/>
        <Attr Name="UsedIn" Val="synthesis"/>
        <Attr Name="UsedIn" Val="implementation"/>
        <Attr Name="UsedIn" Val="simulation"/>
      </FileInfo>
    </File>
    <File Path="$PSRCDIR/sources_1/new/INSTRUCTION_REGISTER.v">
      <FileInfo>
        <Attr Name="ImportPath" Val="C:/Xilinx/semi_final/my_mano/my_mano.srcs/sources_1/new/INSTRUCTION_REGISTER.v"/>
        <Attr Name="ImportTime" Val="1714742524"/>
        <Attr Name="UsedIn" Val="synthesis"/>
        <Attr Name="UsedIn" Val="implementation"/>
        <Attr Name="UsedIn" Val="simulation"/>
      </FileInfo>
    </File>
    <File Path="$PSRCDIR/sources_1/new/IR-DESIGN.v">
      <FileInfo>
        <Attr Name="ImportPath" Val="C:/Xilinx/semi_final/my_mano/my_mano.srcs/sources_1/new/IR-DESIGN.v"/>
        <Attr Name="ImportTime" Val="1714738456"/>
        <Attr Name="UsedIn" Val="synthesis"/>
        <Attr Name="UsedIn" Val="implementation"/>
        <Attr Name="UsedIn" Val="simulation"/>
      </FileInfo>
    </File>
    <File Path="$PSRCDIR/sources_1/new/MEMORY_DESIGN.v">
      <FileInfo>
        <Attr Name="ImportPath" Val="C:/Xilinx/semi_final/my_mano/my_mano.srcs/sources_1/new/MEMORY_DESIGN.v"/>
        <Attr Name="ImportTime" Val="1715029719"/>
        <Attr Name="UsedIn" Val="synthesis"/>
        <Attr Name="UsedIn" Val="implementation"/>
        <Attr Name="UsedIn" Val="simulation"/>
      </FileInfo>
    </File>
    <File Path="$PSRCDIR/sources_1/new/PC_DESIGN.v">
      <FileInfo>
        <Attr Name="ImportPath" Val="C:/Xilinx/semi_final/my_mano/my_mano.srcs/sources_1/new/PC_DESIGN.v"/>
        <Attr Name="ImportTime" Val="1715021416"/>
        <Attr Name="UsedIn" Val="synthesis"/>
        <Attr Name="UsedIn" Val="implementation"/>
        <Attr Name="UsedIn" Val="simulation"/>
      </FileInfo>
    </File>
    <File Path="$PSRCDIR/sources_1/new/PROGRAM_COUNTER.v">
      <FileInfo>
        <Attr Name="ImportPath" Val="C:/Xilinx/semi_final/my_mano/my_mano.srcs/sources_1/new/PROGRAM_COUNTER.v"/>
        <Attr Name="ImportTime" Val="1715029719"/>
        <Attr Name="UsedIn" Val="synthesis"/>
        <Attr Name="UsedIn" Val="implementation"/>
        <Attr Name="UsedIn" Val="simulation"/>
      </FileInfo>
    </File>
    <File Path="$PSRCDIR/sources_1/new/SC_DESIGN.v">
      <FileInfo>
        <Attr Name="ImportPath" Val="C:/Xilinx/semi_final/my_mano/my_mano.srcs/sources_1/new/SC_DESIGN.v"/>
        <Attr Name="ImportTime" Val="1715029719"/>
        <Attr Name="UsedIn" Val="synthesis"/>
        <Attr Name="UsedIn" Val="implementation"/>
        <Attr Name="UsedIn" Val="simulation"/>
      </FileInfo>
    </File>
    <File Path="$PSRCDIR/sources_1/new/SequenceCounter.v">
      <FileInfo>
        <Attr Name="ImportPath" Val="C:/Xilinx/semi_final/my_mano/my_mano.srcs/sources_1/new/SequenceCounter.v"/>
        <Attr Name="ImportTime" Val="1714935868"/>
        <Attr Name="UsedIn" Val="synthesis"/>
        <Attr Name="UsedIn" Val="implementation"/>
        <Attr Name="UsedIn" Val="simulation"/>
      </FileInfo>
    </File>
    <File Path="C:/Xilinx/semi_final/my_mano/my_mano.srcs/sources_1/new/T_COUNTER.v">
      <FileInfo>
        <Attr Name="UsedIn" Val="synthesis"/>
        <Attr Name="UsedIn" Val="implementation"/>
        <Attr Name="UsedIn" Val="simulation"/>
      </FileInfo>
    </File>
    <File Path="$PSRCDIR/sources_1/new/memory.v">
      <FileInfo>
        <Attr Name="ImportPath" Val="C:/Xilinx/semi_final/my_mano/my_mano.srcs/sources_1/new/memory.v"/>
        <Attr Name="ImportTime" Val="1715029719"/>
        <Attr Name="UsedIn" Val="synthesis"/>
        <Attr Name="UsedIn" Val="implementation"/>
        <Attr Name="UsedIn" Val="simulation"/>
      </FileInfo>
    </File>
    <File Path="$PSRCDIR/sources_1/new/ARCHITECTURE.v">
      <FileInfo>
        <Attr Name="ImportPath" Val="C:/Xilinx/semi_final/my_mano/my_mano.srcs/sources_1/new/ARCHITECTURE.v"/>
        <Attr Name="ImportTime" Val="1715029719"/>
        <Attr Name="UsedIn" Val="synthesis"/>
        <Attr Name="UsedIn" Val="implementation"/>
        <Attr Name="UsedIn" Val="simulation"/>
      </FileInfo>
    </File>
    <File Path="$PSRCDIR/sources_1/new/ADRESS_REGISTER.v">
      <FileInfo>
        <Attr Name="AutoDisabled" Val="1"/>
        <Attr Name="ImportPath" Val="C:/Xilinx/semi_final/my_mano/my_mano.srcs/sources_1/new/ADRESS_REGISTER.v"/>
        <Attr Name="ImportTime" Val="1714742344"/>
        <Attr Name="UsedIn" Val="synthesis"/>
        <Attr Name="UsedIn" Val="implementation"/>
        <Attr Name="UsedIn" Val="simulation"/>
      </FileInfo>
    </File>
    <File Path="$PSRCDIR/sources_1/new/ACCUMULATOR.v">
      <FileInfo>
        <Attr Name="AutoDisabled" Val="1"/>
        <Attr Name="ImportPath" Val="C:/Xilinx/semi_final/my_mano/my_mano.srcs/sources_1/new/ACCUMULATOR.v"/>
        <Attr Name="ImportTime" Val="1714742486"/>
        <Attr Name="UsedIn" Val="synthesis"/>
        <Attr Name="UsedIn" Val="implementation"/>
        <Attr Name="UsedIn" Val="simulation"/>
      </FileInfo>
    </File>
    <File Path="$PSRCDIR/sources_1/new/DFF.v">
      <FileInfo>
        <Attr Name="AutoDisabled" Val="1"/>
        <Attr Name="ImportPath" Val="C:/Xilinx/semi_final/my_mano/my_mano.srcs/sources_1/new/DFF.v"/>
        <Attr Name="ImportTime" Val="1714612078"/>
        <Attr Name="UsedIn" Val="synthesis"/>
        <Attr Name="UsedIn" Val="implementation"/>
        <Attr Name="UsedIn" Val="simulation"/>
      </FileInfo>
    </File>
    <Config>
      <Option Name="DesignMode" Val="RTL"/>
      <Option Name="TopModule" Val="ARCHITECTURE"/>
    </Config>
  </FileSet>
  <FileSet Name="constrs_in" Type="Constrs" RelSrcDir="$PSRCDIR/constrs_1">
    <Filter Type="Constrs"/>
    <Config>
      <Option Name="ConstrsType" Val="XDC"/>
    </Config>
  </FileSet>
  <Strategy Version="1" Minor="2">
    <StratHandle Name="Vivado Synthesis Defaults" Flow="Vivado Synthesis 2018"/>
    <Step Id="synth_design"/>
  </Strategy>
</GenRun>
